"No.","Radio ID","Name","Call Type","Call Alert"
"1","1","NO TALKGROUP!!!!","Group Call","None"
"2","2","Local-2","Group Call","None"
"3","3","MARC3 North Amer","Group Call","None"
"4","9","Local-9","Group Call","None"
"5","13","MARC13 WW Eng","Group Call","None"
"6","99","DMR Simplex","Group Call","None"
"7","3101","Alabama","Group Call","None"
"8","31019","Alabama TAC","Group Call","None"
"9","31010","Alabama Link","Group Call","None"
"10","31011","Gulf Coast, AL","Group Call","None"
"11","31012","Old Quadnet, AL","Group Call","None"
"12","31013","Alabama ALERT","Group Call","None"
"13","31014","Huntsville, Al","Group Call","None"
"14","31015","Central Alabama","Group Call","None"
"15","31016","Northwest AL","Group Call","None"
"16","31017","East Alabama","Group Call","None"
"17","310102","Tuscaloosa, AL","Group Call","None"
"18","310530","Tallapoosa Co,AL","Group Call","None"
"19","312264","Chelsea, AL","Group Call","None"
"20","312572","96 ARC, AL","Group Call","None"
"21","312584","Alexander, AL","Group Call","None"
"22","3101250","Pinson, AL MMDVM","Group Call","None"
"23","3102","Alaska","Group Call","None"
"24","31020","Alaska TAC","Group Call","None"
"25","31021","AK Contesting","Group Call","None"
"26","31022","Alaska SkyWarn","Group Call","None"
"27","311485","Fairbanks AK-YSF","Group Call","None"
"28","3104","Arizona","Group Call","None"
"29","31041","Arizona TAC","Group Call","None"
"30","31040","Arizona EmComm","Group Call","None"
"31","31677","AZ OEI Rpt Group","Group Call","None"
"32","310410","Tucson Arizona","Group Call","None"
"33","311568","Payson Arizona","Group Call","None"
"34","313540","Ash Fork Arizona","Group Call","None"
"35","310430","Pinetop-Lakeside","Group Call","None"
"36","3105","Arkansas","Group Call","None"
"37","31050","Arkansas TAC","Group Call","None"
"38","31051","Arkansas WX","Group Call","None"
"39","31052","Arkansas ARES","Group Call","None"
"40","31055","North Central,AR","Group Call","None"
"41","31058","Northwest, AR","Group Call","None"
"42","310501","LittleRock Metro","Group Call","None"
"43","310504","Little Rock, AR","Group Call","None"
"44","310502","Harrison, AR","Group Call","None"
"45","310514","Jonesboro, AR","Group Call","None"
"46","310517","Mena, AR","Group Call","None"
"47","311575","HotSprings Local","Group Call","None"
"48","311489","Pine Bluff Local","Group Call","None"
"49","313188","Jasper, AR","Group Call","None"
"50","311678","Malvern, AR","Group Call","None"
"51","312487","Marianna, AR","Group Call","None"
"52","310150","Royal, AR","Group Call","None"
"53","310508","Conway, AR-YSF","Group Call","None"
"54","3149964","2M Crew, AR","Group Call","None"
"55","31059","Geeks Jeeps, AR","Group Call","None"
"56","313464","KC5DJR-R","Group Call","None"
"57","3106","California","Group Call","None"
"58","31072","California TAC","Group Call","None"
"59","31061","California 1","Group Call","None"
"60","31062","Mtn West","Group Call","None"
"61","31063","Mtn West-1","Group Call","None"
"62","312556","CalNet","Group Call","None"
"63","31065","NorCal AllStar","Group Call","None"
"64","31066","SoCal","Group Call","None"
"65","31067","SoCal 1","Group Call","None"
"66","31068","NorCal","Group Call","None"
"67","31069","NorCal 1","Group Call","None"
"68","310681","NorCal Disaster","Group Call","None"
"69","95150","NorCal 5150","Group Call","None"
"70","310606","NorCal-DMR","Group Call","None"
"71","3107","Western States","Group Call","None"
"72","31071","Ventura County-1","Group Call","None"
"73","31070","Ventura County-2","Group Call","None"
"74","31060","Palos Verdes ARC","Group Call","None"
"75","761002","PVARC-?","Group Call","None"
"76","31073","SantaBarbara, CA","Group Call","None"
"77","31064","Clara County, CA","Group Call","None"
"78","31707","Sonoma Co, CA","Group Call","None"
"79","31075","BayNet","Group Call","None"
"80","97150","BayCom-1","Group Call","None"
"81","310660","BayCom-2","Group Call","None"
"82","51569","Bay Area ARC","Group Call","None"
"83","311433","Bay Area-1","Group Call","None"
"84","311040","San Francisco-1","Group Call","None"
"85","312470","San Francisco-2","Group Call","None"
"86","31076","California CDM","Group Call","None"
"87","31077","PAPA Chat","Group Call","None"
"88","31078","PAPA Bridge","Group Call","None"
"89","31079","CA Alert Radio","Group Call","None"
"90","31775","PINOYHAMS, CA","Group Call","None"
"91","31689","CA FDMRCCU","Group Call","None"
"92","310706","Tri-Lert ERT","Group Call","None"
"93","310604","California CARLA","Group Call","None"
"94","31620","Kings of Digital","Group Call","None"
"95","31683","C.A.R.E.S. Ecom","Group Call","None"
"96","31821","Jefferson State","Group Call","None"
"97","31074","SanDiego S&R","Group Call","None"
"98","310014","SanDiego K6RRR-1","Group Call","None"
"99","311111","SanDiego K6RRR-2","Group Call","None"
"100","310343","SanDiego K6RRR-3","Group Call","None"
"101","310980","SanDiego W6RDX-1","Group Call","None"
"102","311057","SanDiego W6RDX-2","Group Call","None"
"103","310013","Redlands, CA-1","Group Call","None"
"104","310566","Redlands, CA-1","Group Call","None"
"105","310602","Pittsburg, CA","Group Call","None"
"106","310603","Livermore, CA","Group Call","None"
"107","310718","Sausalito, CA","Group Call","None"
"108","310733","Wilton, CA","Group Call","None"
"109","311129","Valley Center,CA","Group Call","None"
"110","311161","Calimesa, CA","Group Call","None"
"111","311168","Newport Beach,CA","Group Call","None"
"112","311416","Sacrament Valley","Group Call","None"
"113","311573","Fallbrook, CA","Group Call","None"
"114","110694","Hayward, CA","Group Call","None"
"115","311954","Escondido, CA","Group Call","None"
"116","310619","San Jose, CA","Group Call","None"
"117","310675","Tehachapi, CA","Group Call","None"
"118","310703","Vacaville, CA","Group Call","None"
"119","312358","Walnut Grove, CA","Group Call","None"
"120","312679","Bear Mountain,CA","Group Call","None"
"121","312829","Unknown CA-1","Group Call","None"
"122","312063","Blythe, CA","Group Call","None"
"123","312882","Portola Valley","Group Call","None"
"124","312749","Vallejo, CA","Group Call","None"
"125","3186741","Alphabet Club,CA","Group Call","None"
"126","3108","Colorado","Group Call","None"
"127","31080","Colorado Chat","Group Call","None"
"128","31082","Colorado-Link","Group Call","None"
"129","310842","Colorado ARESDEC","Group Call","None"
"130","1108410","Colorado ARES","Group Call","None"
"131","310873","Colorado WA0RES","Group Call","None"
"132","31083","Severe WX, CO","Group Call","None"
"133","3171","NorthernColorado","Group Call","None"
"134","31086","Western Colorado","Group Call","None"
"135","31085","Ski Co ARC, CO","Group Call","None"
"136","31087","Colorado IRG","Group Call","None"
"137","310815","Fun Machine, CO","Group Call","None"
"138","31088","Colorado HD","Group Call","None"
"139","31089","Hytera USA, CO","Group Call","None"
"140","31700","Castle Rock,CO-1","Group Call","None"
"141","310345","Castle Rock,CO-2","Group Call","None"
"142","310700","Castle Rock,CO-3","Group Call","None"
"143","310759","Squaw Mtn, CO","Group Call","None"
"144","310800","Denver Colorado","Group Call","None"
"145","310804","Denver RadioClub","Group Call","None"
"146","310847","Denver SkyHUB,CO","Group Call","None"
"147","310801","Rocky Mtn HR, CO","Group Call","None"
"148","310894","Rocky Mtn Rad,CO","Group Call","None"
"149","31084","North Mtn FR, CO","Group Call","None"
"150","310816","Almagre Mtn, CO","Group Call","None"
"151","310843","Pueblo Colorado","Group Call","None"
"152","31081","Park County, CO","Group Call","None"
"153","310844","Parker Colorado","Group Call","None"
"154","310813","Boulder South,CO","Group Call","None"
"155","310811","Golden, CO","Group Call","None"
"156","310854","Durango Colorado","Group Call","None"
"157","310869","Red Feather, CO","Group Call","None"
"158","313150","Silverthorne, CO","Group Call","None"
"159","312837","Simla Colorado","Group Call","None"
"160","313192","Lakewood, CO","Group Call","None"
"161","3109","Connecticut","Group Call","None"
"162","31090","Connecticut TAC","Group Call","None"
"163","31092","Connecticut Chat","Group Call","None"
"164","31093","Connecticut PVRA","Group Call","None"
"165","31094","Connecticut CDRA","Group Call","None"
"166","310912","Cornwall, CT","Group Call","None"
"167","310941","Bristol, CT","Group Call","None"
"168","3110","Delaware","Group Call","None"
"169","31100","Delaware TAC","Group Call","None"
"170","3111","Washington D.C.","Group Call","None"
"171","31110","D.C.-TAC","Group Call","None"
"172","3112","Florida","Group Call","None"
"173","31120","Florida TAC","Group Call","None"
"174","31121","First Coast,FL","Group Call","None"
"175","31122","West Central,FL","Group Call","None"
"176","31123","TreasureCoast,FL","Group Call","None"
"177","31664","Nature Coast, FL","Group Call","None"
"178","31670","Gulf Coast, FL","Group Call","None"
"179","31124","Southeast, FL-1","Group Call","None"
"180","31622","Southeast, FL-2","Group Call","None"
"181","31125","Florida DEARS","Group Call","None"
"182","31127","Florida ARES","Group Call","None"
"183","31128","Florida NE ARES","Group Call","None"
"184","31129","Orlando Florida1","Group Call","None"
"185","111201","Orlando Florida2","Group Call","None"
"186","31126","Orlando Florida3","Group Call","None"
"187","310031","Milton Florida-1","Group Call","None"
"188","3186919","Milton Florida-2","Group Call","None"
"189","310311","Beverly Hills,FL","Group Call","None"
"190","310438","Palm Bay,FL-1","Group Call","None"
"191","312270","Palm Bay,FL-2","Group Call","None"
"192","311576","Palm Bay,FL-3","Group Call","None"
"193","311406","Palm Coast,FL","Group Call","None"
"194","312700","W PalmBeach,FL-1","Group Call","None"
"195","3112444","W PalmBeach,FL-2","Group Call","None"
"196","310035","Pompano Beach,FL","Group Call","None"
"197","310442","Englewood,FL","Group Call","None"
"198","310972","Punta Gorda,FL-1","Group Call","None"
"199","313548","Punta Gorda,FL-2","Group Call","None"
"200","311228","Jacksonville,FL1","Group Call","None"
"201","313087","Jacksonville,FL2","Group Call","None"
"202","311264","Hudson,FL-1","Group Call","None"
"203","313557","Hudson,FL-2","Group Call","None"
"204","311274","Space Center,FL","Group Call","None"
"205","310995","Portable RPT,FL","Group Call","None"
"206","311037","BRARA SE-FL","Group Call","None"
"207","311099","Florida HotSpots","Group Call","None"
"208","311278","Marco Island,FL","Group Call","None"
"209","311239","Lake Worth Ch,FL","Group Call","None"
"210","311291","Callahan,FL","Group Call","None"
"211","311261","Fort Myers,FL","Group Call","None"
"212","311300","Pensacola,FL","Group Call","None"
"213","311667","Miami Florida","Group Call","None"
"214","311679","Deland Florida","Group Call","None"
"215","312383","Ocala Florida","Group Call","None"
"216","3166422","St Augustine,FL","Group Call","None"
"217","3177060","Sarasota Florida","Group Call","None"
"218","312443","Cudjoe Key,FL","Group Call","None"
"219","3121536","Key West Florida","Group Call","None"
"220","3179020","Okeechobee, FL","Group Call","None"
"221","31676","Allstar 46031,FL","Group Call","None"
"222","3146894","Wellington,FL","Group Call","None"
"223","3113","Georgia","Group Call","None"
"224","31132","South Georgia","Group Call","None"
"225","31134","North Georgia","Group Call","None"
"226","31135","Centra lGeorgia","Group Call","None"
"227","31136","Southwest, GA","Group Call","None"
"228","31130","Georgia ARES","Group Call","None"
"229","31131","Atlanta Metro-1","Group Call","None"
"230","310592","Atlanta Metro-2","Group Call","None"
"231","31139","Georgia SkyWarn","Group Call","None"
"232","310028","Forsyth Georgia","Group Call","None"
"233","310248","Concord Georgia","Group Call","None"
"234","310466","Savannah Georgia","Group Call","None"
"235","310996","Douglas Georgia","Group Call","None"
"236","311307","Kingsland, GA","Group Call","None"
"237","311340","Marietta Georgia","Group Call","None"
"238","311639","Eatonton Georgia","Group Call","None"
"239","312384","Athens Georgia","Group Call","None"
"240","311009","Folkston, GA","Group Call","None"
"241","311322","Clermont, GA","Group Call","None"
"242","31137","GA KingsLand Dig","Group Call","None"
"243","312486","Carnesville, GA","Group Call","None"
"244","31133","GA SETN NWGA","Group Call","None"
"245","3123917","GA CLHUB MMDVM","Group Call","None"
"246","3190149","GA MMDVM Bridge","Group Call","None"
"247","3115","Hawaii","Group Call","None"
"248","311551","Hawaii TAC-1","Group Call","None"
"249","31150","Hawaii 2","Group Call","None"
"250","31151","Hawaii Maui Co","Group Call","None"
"251","31152","Hawaii Honolulu","Group Call","None"
"252","31153","Hawaii County","Group Call","None"
"253","31154","Hawaii Kauai Co","Group Call","None"
"254","31158","Hawaii HMASN","Group Call","None"
"255","31159","Hawaii DEM","Group Call","None"
"256","310745","Hawaii DMR Net","Group Call","None"
"257","311526","Haleakala, HI","Group Call","None"
"258","311535","Hawaii Wailuku","Group Call","None"
"259","3116","Idaho","Group Call","None"
"260","31160","Idaho ARES","Group Call","None"
"261","31161","Idaho ARES North","Group Call","None"
"262","31162","Central ID ARES","Group Call","None"
"263","31164","SE ID ARES","Group Call","None"
"264","31165","SW ID ARES","Group Call","None"
"265","31166","Idaho ARES TAC","Group Call","None"
"266","31167","Southwest Idaho","Group Call","None"
"267","311602","Cascade Idaho","Group Call","None"
"268","313356","Boise Idaho","Group Call","None"
"269","3117","Illinois","Group Call","None"
"270","31170","IL Round Lake","Group Call","None"
"271","31171","Illinois Link","Group Call","None"
"272","31172","Illinois CHI-NET","Group Call","None"
"273","31173","N Illinois EComm","Group Call","None"
"274","31174","East Cntrl,IL WX","Group Call","None"
"275","31175","NA Astronomy,IL","Group Call","None"
"276","31176","Chicago Metro","Group Call","None"
"277","31177","East Central,IL","Group Call","None"
"278","31178","Illinois WX CTAC","Group Call","None"
"279","31179","Woodford,IL ARES","Group Call","None"
"280","31631","Chicago Star,IL","Group Call","None"
"281","311712","Schaumburg,IL","Group Call","None"
"282","311739","Winnebago,IL","Group Call","None"
"283","311752","Morton,IL","Group Call","None"
"284","311761","Danville,IL","Group Call","None"
"285","311899","Cntrl,IL SkyWarn","Group Call","None"
"286","3118","Indiana","Group Call","None"
"287","31180","Indiana TAC","Group Call","None"
"288","31181","Indiana Link","Group Call","None"
"289","31183","Indiana WX Ops","Group Call","None"
"290","31184","Parke-Vermillion","Group Call","None"
"291","31188","Southern, IN","Group Call","None"
"292","31189","Crossroads, IN","Group Call","None"
"293","310480","Covington, IN","Group Call","None"
"294","311800","Indianapolis, IN","Group Call","None"
"295","311822","W Lafayette, IN","Group Call","None"
"296","311823","Covington, IN","Group Call","None"
"297","311842","Newport, IN","Group Call","None"
"298","312186","St. Charles, IN","Group Call","None"
"299","313382","Auburn, IN","Group Call","None"
"300","311860","Connersville, IN","Group Call","None"
"301","311841","Fort Wayne, IN","Group Call","None"
"302","3119","Iowa","Group Call","None"
"303","31190","Iowa Chat","Group Call","None"
"304","31191","Iowa DSM -1","Group Call","None"
"305","31192","Iowa ALO -2","Group Call","None"
"306","31193","Iowa NW -3","Group Call","None"
"307","31194","Iowa SW -4","Group Call","None"
"308","31195","Iowa SE -5","Group Call","None"
"309","31196","Iowa CID -6","Group Call","None"
"310","31197","Iowa WC -7 ARES","Group Call","None"
"311","31198","Iowa NWS DVN","Group Call","None"
"312","31199","IA NWS DMX/SEOC","Group Call","None"
"313","310551","Clear Lake Iowa","Group Call","None"
"314","313127","Sioux City, IA","Group Call","None"
"315","310999","Muscatine Iowa","Group Call","None"
"316","3120","Kansas","Group Call","None"
"317","313136","Kansas City Wide","Group Call","None"
"318","31203","Kansas Link","Group Call","None"
"319","31204","Central Kansas","Group Call","None"
"320","31201","Kansas BYRG","Group Call","None"
"321","31202","KS BYRG Spotting","Group Call","None"
"322","31200","Kansas SW ARES","Group Call","None"
"323","31205","KS KC SkyWarn","Group Call","None"
"324","31206","Cntrl KS SkyWarn","Group Call","None"
"325","31208","WY CO, KS RACES","Group Call","None"
"326","31209","WY CO, KS CERT","Group Call","None"
"327","3121","Kentucky","Group Call","None"
"328","31214","Kentucky TAC","Group Call","None"
"329","31213","East Kentucky","Group Call","None"
"330","31211","Kentucky ARES","Group Call","None"
"331","31212","NE Kentucky WX","Group Call","None"
"332","31219","Kentucky NEMARC","Group Call","None"
"333","311035","Tennessee, KY","Group Call","None"
"334","311953","Kentucky VARG","Group Call","None"
"335","312104","Owensboro, KY","Group Call","None"
"336","312114","Prestonsburg, KY","Group Call","None"
"337","312116","Louisa Kentucky","Group Call","None"
"338","312128","Blackey, KY","Group Call","None"
"339","3173892","Clearfield, KY","Group Call","None"
"340","312945","KY Super Trucker","Group Call","None"
"341","3121232","KY D-Star XLX","Group Call","None"
"342","3160778","KY US-Triple 5","Group Call","None"
"343","3122","Louisiana","Group Call","None"
"344","31220","Louisiana Chat","Group Call","None"
"345","31229","ArkLaTex","Group Call","None"
"346","31225","SE Louisiana","Group Call","None"
"347","311995","SWLouisiana-Link","Group Call","None"
"348","31226","GulfCoast Lk Sys","Group Call","None"
"349","31221","LA SELCOM Group","Group Call","None"
"350","31222","LA AUXCOMM","Group Call","None"
"351","312222","Louisiana ARES","Group Call","None"
"352","31223","Acadiana, LA DMR","Group Call","None"
"353","31224","LA XRF048 C","Group Call","None"
"354","3123","Maine","Group Call","None"
"355","31230","Maine TAC","Group Call","None"
"356","312326","Biddeford Maine","Group Call","None"
"357","3124","Maryland","Group Call","None"
"358","31242","Maryland TAC","Group Call","None"
"359","31240","MD RC CGR DST","Group Call","None"
"360","310993","MD Tyaskin VHF","Group Call","None"
"361","311618","MD Interstate-2","Group Call","None"
"362","3125","Massachusetts","Group Call","None"
"363","31250","MA TAC","Group Call","None"
"364","31251","Boston Metro","Group Call","None"
"365","31252","MA Berkshire Co.","Group Call","None"
"366","31254","MA XRF054 C","Group Call","None"
"367","31255","MA HCRA","Group Call","None"
"368","31257","MA NEARC","Group Call","None"
"369","312530","MA OTIS-1","Group Call","None"
"370","312535","MA OTIS-2","Group Call","None"
"371","312543","MA WB1GOF Bridge","Group Call","None"
"372","3126","Michigan","Group Call","None"
"373","31267","West Michigan","Group Call","None"
"374","31268","Michigan UP","Group Call","None"
"375","312682","Detroit Metro","Group Call","None"
"376","31260","MI WX ARES EmCom","Group Call","None"
"377","31673","Mi5 R5 AUXCOMM","Group Call","None"
"378","31261","Mi5-STATEWIDE-1","Group Call","None"
"379","31262","Mi5-STATEWIDE-2","Group Call","None"
"380","31263","Mi5-EVENT-1","Group Call","None"
"381","31265","Mi5-EVENT-3","Group Call","None"
"382","31264","Michigan DRG","Group Call","None"
"383","31266","Michigan RADAR","Group Call","None"
"384","31269","Michigan WMTG","Group Call","None"
"385","311887","Howell, MI -1","Group Call","None"
"386","310195","Howell, MI -2","Group Call","None"
"387","310226","Albion Michigan","Group Call","None"
"388","310797","Kalamazoo MI","Group Call","None"
"389","311878","Gogebic Michigan","Group Call","None"
"390","312645","Ann Arbor, MI","Group Call","None"
"391","312649","Lansing Michigan","Group Call","None"
"392","312678","Charlotte MI","Group Call","None"
"393","312621","Waterlo Michigan","Group Call","None"
"394","313384","Munith Michigan","Group Call","None"
"395","3127","Minnesota","Group Call","None"
"396","31270","Minnesota TAC","Group Call","None"
"397","31271","Cntrl Minnesota","Group Call","None"
"398","31272","Minnesota Metro","Group Call","None"
"399","31273","MN Northstar HUB","Group Call","None"
"400","31274","Minnesota AARG","Group Call","None"
"401","31275","Southern MN","Group Call","None"
"402","31276","Minnesota ARES","Group Call","None"
"403","310219","Brocklyn Park,MN","Group Call","None"
"404","312734","Waseca Minnesota","Group Call","None"
"405","3197173","Isanti Minnesota","Group Call","None"
"406","3128","Mississippi","Group Call","None"
"407","31280","Mississippi TAC","Group Call","None"
"408","31281","MS XRF813 A","Group Call","None"
"409","31285","Northeast, MS","Group Call","None"
"410","31286","Blind Hams-ASL","Group Call","None"
"411","312801","Lucedale","Group Call","None"
"412","310034","Amory, MS","Group Call","None"
"413","313189","West Point, MS","Group Call","None"
"414","3129","Missouri","Group Call","None"
"415","31291","SW Missouri","Group Call","None"
"416","31297","SW MO SkyWarn","Group Call","None"
"417","31292","St. Louis Metro","Group Call","None"
"418","31293","Missouri Branson","Group Call","None"
"419","31686","Branson Metro","Group Call","None"
"420","31294","NW Missouri","Group Call","None"
"421","31295","SE Missouri","Group Call","None"
"422","31296","Central Missouri","Group Call","None"
"423","31290","Missouri ARES","Group Call","None"
"424","31298","MO KC No. ARES","Group Call","None"
"425","31299","MO CASS Co ARES","Group Call","None"
"426","3180","Missouri Lakes","Group Call","None"
"427","310337","Arnold Missouri","Group Call","None"
"428","312583","Osage Beach, MO","Group Call","None"
"429","312594","Cole Camp, MO","Group Call","None"
"430","312752","Missouri SecKC","Group Call","None"
"431","312934","Plattsburg, MO","Group Call","None"
"432","312935","Washington, MO","Group Call","None"
"433","3130","Montana","Group Call","None"
"434","31300","Montana Chat","Group Call","None"
"435","31301","Montana MPRG-1","Group Call","None"
"436","31302","Montana MPRG-2","Group Call","None"
"437","3130036","Montana MPRG-3","Group Call","None"
"438","3130035","Montana MPRG-4","Group Call","None"
"439","31303","Montana BGV","Group Call","None"
"440","31304","Montana NW7RG","Group Call","None"
"441","31305","MT Bitterroot Vy","Group Call","None"
"442","31309","Montana ARES","Group Call","None"
"443","3131","Nebraska","Group Call","None"
"444","31319","Nebraska Chat","Group Call","None"
"445","31310","Nebraska EmComm","Group Call","None"
"446","31311","Nebraska HUB","Group Call","None"
"447","3132","Nevada","Group Call","None"
"448","31320","Nevada TAC","Group Call","None"
"449","31321","Nevada 1","Group Call","None"
"450","31322","Nevada ARES","Group Call","None"
"451","31323","Nevada ENARS","Group Call","None"
"452","31324","Nevada 4","Group Call","None"
"453","31325","Nevada HXO","Group Call","None"
"454","31326","Burning Man, NV","Group Call","None"
"455","31327","Las Vegas Metro","Group Call","None"
"456","31328","Nevada SNARS-1","Group Call","None"
"457","31329","Nevada SNARS-2","Group Call","None"
"458","312799","Ely Nevada","Group Call","None"
"459","312877","Laughlin Nevada","Group Call","None"
"460","313209","Red Mtn Nevada","Group Call","None"
"461","3132351","Nevada Fallon","Group Call","None"
"462","312497","Elko Nevada","Group Call","None"
"463","3133","New Hampshire","Group Call","None"
"464","31330","NH TAC","Group Call","None"
"465","31331","NH EmComm","Group Call","None"
"466","31332","NH North","Group Call","None"
"467","31333","NH South","Group Call","None"
"468","31334","NH East","Group Call","None"
"469","31335","NH West","Group Call","None"
"470","313323","NH Alstead","Group Call","None"
"471","3134","New Jersey","Group Call","None"
"472","31343","New Jersey TAC","Group Call","None"
"473","31340","Cntrl New Jersey","Group Call","None"
"474","31341","South Jersey, NJ","Group Call","None"
"475","31342","North Jersey, NJ","Group Call","None"
"476","31349","N2MO OMARC, NJ","Group Call","None"
"477","31660","Ocean County, NJ","Group Call","None"
"478","31820","K2DMR STORM NJ-R","Group Call","None"
"479","310015","Riverdale, NJ","Group Call","None"
"480","312267","Belleville, NJ","Group Call","None"
"481","312473","Springfield, NJ","Group Call","None"
"482","312822","Lk Hopatcong, NJ","Group Call","None"
"483","313333","Ocean Co, NJ","Group Call","None"
"484","313439","Hoboken, NJ CERT","Group Call","None"
"485","313444","Elizabeth Sch,NJ","Group Call","None"
"486","3135","New Mexico","Group Call","None"
"487","31350","New Mexico TAC","Group Call","None"
"488","313510","Albuquerque-1","Group Call","None"
"489","313509","Albuquerque-2","Group Call","None"
"490","3190205","ALBQ-MMDVM","Group Call","None"
"491","310793","La Mosca Pk, NM","Group Call","None"
"492","310012","Capilla Peak, NM","Group Call","None"
"493","3136","New York","Group Call","None"
"494","31431","New York TAC","Group Call","None"
"495","31361","New York Upstate","Group Call","None"
"496","31362","New York -Metro","Group Call","None"
"497","31363","New York ADK","Group Call","None"
"498","31364","LWR Hudson Vy,NY","Group Call","None"
"499","31365","K2MAK New York","Group Call","None"
"500","3195","Chemung Co,NY WX","Group Call","None"
"501","313601","Madiso, NY ARES","Group Call","None"
"502","31366","Metro, NY ARES","Group Call","None"
"503","31367","Southern Tier,NY","Group Call","None"
"504","31368","Mid-Hudson Vy,NY","Group Call","None"
"505","31369","Monroe County,NY","Group Call","None"
"506","31662","Long Island, NY","Group Call","None"
"507","311438","Valhalla, NY","Group Call","None"
"508","311898","Genesee Vly, NY","Group Call","None"
"509","310799","New York WNYFL","Group Call","None"
"510","312097","Rochester, NY","Group Call","None"
"511","313295","Bronx New York","Group Call","None"
"512","31653","Brooklyn, NY","Group Call","None"
"513","313613","New York City","Group Call","None"
"514","313693","Boston New York","Group Call","None"
"515","3167813","Buffalo New York","Group Call","None"
"516","3136275","Albany New York","Group Call","None"
"517","3137","North Carolina","Group Call","None"
"518","31370","NC TAC","Group Call","None"
"519","31371","Triangle, NC","Group Call","None"
"520","31372","Central, NC","Group Call","None"
"521","31373","Eastern, NC","Group Call","None"
"522","31374","Carolina Link","Group Call","None"
"523","31375","The Hornet's, NC","Group Call","None"
"524","31376","NC WNC Tac Comm","Group Call","None"
"525","31377","Outer Banks-1,NC","Group Call","None"
"526","3122718","Outer Banks-2,NC","Group Call","None"
"527","31378","NC WX","Group Call","None"
"528","31678","Catawba Vly, NC","Group Call","None"
"529","310068","Hillsborough, NC","Group Call","None"
"530","310891","Greensboro, NC","Group Call","None"
"531","311095","Greenville, NC","Group Call","None"
"532","313176","Randleman, NC","Group Call","None"
"533","313715","Sauratown, NC","Group Call","None"
"534","313740","RCC-Link, NC","Group Call","None"
"535","312092","Asheville, NC","Group Call","None"
"536","310001","NC NC4ES Cluster","Group Call","None"
"537","3138","North Dakota","Group Call","None"
"538","31380","North Dakota TAC","Group Call","None"
"539","311646","Fargo, ND","Group Call","None"
"540","3139","Ohio","Group Call","None"
"541","31390","Ohio TAC","Group Call","None"
"542","31391","Northeast Ohio","Group Call","None"
"543","31393","Southeast Ohio","Group Call","None"
"544","31394","Southwest Ohio","Group Call","None"
"545","313953","Southern Ohio","Group Call","None"
"546","31392","Central Ohio WX","Group Call","None"
"547","31395","Ohio ARES","Group Call","None"
"548","31398","Ohio EMCOMM","Group Call","None"
"549","31685","Ohio SkyWarn","Group Call","None"
"550","31396","W8SDR DMR Ohio","Group Call","None"
"551","31399","Ohio Link-YSF","Group Call","None"
"552","310557","Bellbrook Ohio","Group Call","None"
"553","310746","Greenville Ohio","Group Call","None"
"554","310961","Doylestown Ohio","Group Call","None"
"555","311070","Wooster Ohio","Group Call","None"
"556","312296","Stockport Ohio","Group Call","None"
"557","312371","Findlay Ohio","Group Call","None"
"558","313913","Clermont Co Ohio","Group Call","None"
"559","313920","Mansfield Ohio","Group Call","None"
"560","313923","Montville Ohio","Group Call","None"
"561","313931","Atwater Ohio","Group Call","None"
"562","313932","Warrensville, OH","Group Call","None"
"563","313938","Marietta Ohio","Group Call","None"
"564","313959","Akron Ohio","Group Call","None"
"565","313964","Marion Ohio","Group Call","None"
"566","313966","Marysville Ohio","Group Call","None"
"567","313973","Meigs Co Ohio","Group Call","None"
"568","313989","Massillon Ohio","Group Call","None"
"569","313979","Youngstown Ohio","Group Call","None"
"570","3140","Oklahoma","Group Call","None"
"571","31400","Oklahoma TAC","Group Call","None"
"572","31401","Oklahoma Central","Group Call","None"
"573","31402","Oklahoma East","Group Call","None"
"574","31403","Oklahoma WX Chat","Group Call","None"
"575","31404","SE OK EM TAC","Group Call","None"
"576","31408","Oklahoma WX","Group Call","None"
"577","310130","Oklahoma Lawton","Group Call","None"
"578","314004","Fort Gibson, OK","Group Call","None"
"579","314005","Bartlesville, OK","Group Call","None"
"580","314016","Oklahoma SCARS","Group Call","None"
"581","3140122","Oklahoma YSF","Group Call","None"
"582","3141","Oregon","Group Call","None"
"583","31410","Oregon TAC","Group Call","None"
"584","31411","Central Oregon","Group Call","None"
"585","31412","Western Oregon","Group Call","None"
"586","31419","RepeaterBook, OR","Group Call","None"
"587","312957","Stanfield Oregon","Group Call","None"
"588","3129973","EastCoast REF,OR","Group Call","None"
"589","3142","Pennsylvania","Group Call","None"
"590","31421","Pennsylvania TAC","Group Call","None"
"591","31420","PEMA EmCom RACES","Group Call","None"
"592","31422","Western, PA","Group Call","None"
"593","31423","North Central,PA","Group Call","None"
"594","31424","Northeast, PA","Group Call","None"
"595","31425","PA Cross-Mode","Group Call","None"
"596","31426","PA EPA DMR","Group Call","None"
"597","31427","PA Tri-County","Group Call","None"
"598","31428","PA RF-IT","Group Call","None"
"599","31429","PA Zednet","Group Call","None"
"600","3190","PA PADMR Group","Group Call","None"
"601","310188","PA KC2ABV RPTR","Group Call","None"
"602","310304","PA PennLink Grp","Group Call","None"
"603","310463","Jennersville, PA","Group Call","None"
"604","310877","Fort Venango, PA","Group Call","None"
"605","311584","PA SCPA Chat","Group Call","None"
"606","311684","Macungie, PA","Group Call","None"
"607","312085","Poconos HUB, PA","Group Call","None"
"608","313037","Indiana, PA","Group Call","None"
"609","314230","Williamsport,PA1","Group Call","None"
"610","3175335","Williamsport,PA2","Group Call","None"
"611","314242","Greenville, PA","Group Call","None"
"612","314267","Tamaqua, PA","Group Call","None"
"613","314270","Johnstown, PA","Group Call","None"
"614","3192899","Bedford, PA","Group Call","None"
"615","314259","Cornwall, PA","Group Call","None"
"616","313468","Westfield, PA","Group Call","None"
"617","3144","Rhode Island","Group Call","None"
"618","31441","RI Chat","Group Call","None"
"619","31444","RI Digital Link","Group Call","None"
"620","31445","Quahog Rpt, RI","Group Call","None"
"621","3105992","MMDVM Bridge, RI","Group Call","None"
"622","3145","South Carolina","Group Call","None"
"623","31451","SC TAC","Group Call","None"
"624","31450","SC ARES","Group Call","None"
"625","31456","Low Country, SC","Group Call","None"
"626","31457","Upstate, SC","Group Call","None"
"627","31458","Midlands, SC","Group Call","None"
"628","31459","Pee Dee, SC","Group Call","None"
"629","3120574","Bluffton, SC","Group Call","None"
"630","3145153","KK4FU Chat, SC","Group Call","None"
"631","3146","South Dakota","Group Call","None"
"632","31460","SD ARES","Group Call","None"
"633","31461","SD WW Highways","Group Call","None"
"634","31466","SD Digital HUB","Group Call","None"
"635","3147","Tennessee","Group Call","None"
"636","31475","Tennessee TAC","Group Call","None"
"637","314706","Memphis Metro","Group Call","None"
"638","31473","Knoxville Metro","Group Call","None"
"639","31470","Mid-South Chat","Group Call","None"
"640","31471","TN NWS Memphis","Group Call","None"
"641","31472","TN Skywarn","Group Call","None"
"642","31474","TN Fusion-Link","Group Call","None"
"643","31476","Tennessee ARES","Group Call","None"
"644","31477","Gatlinburg, TN","Group Call","None"
"645","31478","Tennessee TEMA","Group Call","None"
"646","31479","TN The Light","Group Call","None"
"647","310543","Jackson, TN","Group Call","None"
"648","310994","Blaine Tennessee","Group Call","None"
"649","313197","Unicoi Tennessee","Group Call","None"
"650","313342","Bartlett, TN","Group Call","None"
"651","314703","Knoxville, TN","Group Call","None"
"652","314704","Greeneville, TN","Group Call","None"
"653","314709","Gallatin, TN","Group Call","None"
"654","314710","Bartlett, TN","Group Call","None"
"655","314722","Southeast Link","Group Call","None"
"656","314742","Maryville, TN","Group Call","None"
"657","3164737","Cleveland, TN","Group Call","None"
"658","3148","Texas","Group Call","None"
"659","31489","Texas TAC","Group Call","None"
"660","31480","Texas Chat","Group Call","None"
"661","31481","North Texas","Group Call","None"
"662","31482","South Texas","Group Call","None"
"663","31483","West Texas","Group Call","None"
"664","31488","Central Texas","Group Call","None"
"665","31484","Southeast Texas","Group Call","None"
"666","314877","Texas ARES","Group Call","None"
"667","31485","Amarillo Wires-X","Group Call","None"
"668","31486","Texas SkyWarn","Group Call","None"
"669","31487","Texas ARES EmCom","Group Call","None"
"670","310217","San Antonio,TX","Group Call","None"
"671","310377","SanAntonio Metro","Group Call","None"
"672","310874","Flower Mound,TX","Group Call","None"
"673","311178","Lubbock Texas-1","Group Call","None"
"674","310282","Lubbock Texas-2","Group Call","None"
"675","312269","Liberty Hill,TX","Group Call","None"
"676","312681","TX So.Coast REF","Group Call","None"
"677","313039","Georgetown,TX-1","Group Call","None"
"678","313772","Georgetown,TX-2","Group Call","None"
"679","312972","Asherton,TX","Group Call","None"
"680","313187","Eagle Pass,TX","Group Call","None"
"681","314891","Troy Texas","Group Call","None"
"682","315807","Crockett Texas","Group Call","None"
"683","114802","Dripping SprgsTX","Group Call","None"
"684","315818","Brownsville,TX","Group Call","None"
"685","3116923","Willis, TX MMDVM","Group Call","None"
"686","3167972","Texas A & M ARC","Group Call","None"
"687","3149","Utah","Group Call","None"
"688","31499","Utah TAC","Group Call","None"
"689","31494","Utah Chat","Group Call","None"
"690","31490","Utah 76ers","Group Call","None"
"691","31491","Northern Utah","Group Call","None"
"692","31492","Davis Utah","Group Call","None"
"693","31493","Northeast Utah","Group Call","None"
"694","311662","Utah UORRT","Group Call","None"
"695","314900","Utah Ragchew-1","Group Call","None"
"696","314901","Utah Ragchew-2","Group Call","None"
"697","3150","Vermont","Group Call","None"
"698","31500","Vermont TAC","Group Call","None"
"699","312461","Arlington, VT","Group Call","None"
"700","3150174","Florence, VT","Group Call","None"
"701","3151","Virginia","Group Call","None"
"702","31510","Virginia TAC","Group Call","None"
"703","31513","SW Virginia","Group Call","None"
"704","31511","Richmond Metro","Group Call","None"
"705","31512","VA ARES EmComm","Group Call","None"
"706","31514","Shenandoah Vy,VA","Group Call","None"
"707","31515","Tidewater, VA","Group Call","None"
"708","31516","VA Peninsula","Group Call","None"
"709","310328","Pungoteague, VA","Group Call","None"
"710","311351","Fancy Gap, VA","Group Call","None"
"711","315120","Vienna Virginia","Group Call","None"
"712","315128","Mtn Lake, VA","Group Call","None"
"713","315136","Roanoke, VA","Group Call","None"
"714","315145","Vienna, VA","Group Call","None"
"715","315148","Haymarket, VA","Group Call","None"
"716","3153","Washington","Group Call","None"
"717","31530","WA PNW-West","Group Call","None"
"718","31531","WA Olympic Penin","Group Call","None"
"719","31535","WA QRM Network","Group Call","None"
"720","310884","Seattle, WA","Group Call","None"
"721","315310","Spokane, WA","Group Call","None"
"722","311429","Silverdale, WA","Group Call","None"
"723","31538","Washington ARES","Group Call","None"
"724","31539","WA ARES TAC","Group Call","None"
"725","3154","West Virginia","Group Call","None"
"726","31540","WV TAC","Group Call","None"
"727","31541","WV ARES","Group Call","None"
"728","3155","Wisconsin","Group Call","None"
"729","31550","Wisconsin TAC","Group Call","None"
"730","31551","Wisconsin YSF","Group Call","None"
"731","31555","Wisconsin DMR","Group Call","None"
"732","31556","WI ARES EmComm","Group Call","None"
"733","310787","Chilton, WI","Group Call","None"
"734","311630","Townsend, WI","Group Call","None"
"735","311680","Brothertown, WI","Group Call","None"
"736","315518","Appleton, WI","Group Call","None"
"737","313542","Merrill, WI","Group Call","None"
"738","3156","Wyoming","Group Call","None"
"739","31561","Wyoming Tac","Group Call","None"
"740","31560","SE Wyoming Chat","Group Call","None"
"741","31563","Wyoming WX","Group Call","None"
"742","31564","SW Wyoming","Group Call","None"
"743","31565","NW Wyoming","Group Call","None"
"744","31566","NE Wyoming","Group Call","None"
"745","31567","Central Wyoming","Group Call","None"
"746","310","USA-TAC 310","Group Call","None"
"747","311","USA-TAC 311","Group Call","None"
"748","312","USA-TAC 312","Group Call","None"
"749","313","USA-TAC 313","Group Call","None"
"750","314","USA-TAC 314","Group Call","None"
"751","315","USA-TAC 315","Group Call","None"
"752","316","USA-TAC 316","Group Call","None"
"753","317","USA-TAC 317","Group Call","None"
"754","318","USA-TAC 318","Group Call","None"
"755","319","USA-TAC 319","Group Call","None"
"756","31600","USA - Area 0","Group Call","None"
"757","31601","USA - Area 1","Group Call","None"
"758","31602","USA - Area 2","Group Call","None"
"759","31603","USA - Area 3","Group Call","None"
"760","31604","USA - Area 4","Group Call","None"
"761","31605","USA - Area 5","Group Call","None"
"762","31606","USA - Area 6","Group Call","None"
"763","31607","USA - Area 7","Group Call","None"
"764","31608","USA - Area 8","Group Call","None"
"765","31609","USA - Area 9","Group Call","None"
"766","31001","Net Talkgroup 1","Group Call","None"
"767","31002","Net Talkgroup 2","Group Call","None"
"768","3100","USA Nationwide","Group Call","None"
"769","3169","Midwest","Group Call","None"
"770","3172","Northeast","Group Call","None"
"771","3173","Mid-Atlantic","Group Call","None"
"772","3174","Southeast","Group Call","None"
"773","3175","Southern Plains","Group Call","None"
"774","3176","Southwest","Group Call","None"
"775","31771","Pacific WN REG","Group Call","None"
"776","3177","Mountain","Group Call","None"
"777","31691","IL/IN/WI TriSt","Group Call","None"
"778","31629","SwiNe","Group Call","None"
"779","9911","US EmComm","Group Call","None"
"780","3199","US Hurricane Net","Group Call","None"
"781","31000","USA EmComm","Group Call","None"
"782","31681","S & Rescue USA","Group Call","None"
"783","31682","S & Rescue TAC-1","Group Call","None"
"784","3160","Civil Air Patrol","Group Call","None"
"785","31656","America Link","Group Call","None"
"786","3185","Cactus","Group Call","None"
"787","3181","POTA","Group Call","None"
"788","3166","DV Switch","Group Call","None"
"789","3167","Allstar","Group Call","None"
"790","3196","ATV","Group Call","None"
"791","31621","Ham Radio CC","Group Call","None"
"792","31623","PS Chat","Group Call","None"
"793","31630","STEM","Group Call","None"
"794","31648","Billy Bob Klub","Group Call","None"
"795","31652","RVing Hams","Group Call","None"
"796","31654","4SQRP","Group Call","None"
"797","31663","Truck-N-Travel","Group Call","None"
"798","31655","Venture Overland","Group Call","None"
"799","31772","OutdoorAdventure","Group Call","None"
"800","31661","OMIK","Group Call","None"
"801","31665","DMR Campfire","Group Call","None"
"802","31666","DMR of Anarchy","Group Call","None"
"803","31667","Old Friends","Group Call","None"
"804","31668","Sta-Mar","Group Call","None"
"805","31669","Global DX System","Group Call","None"
"806","31671","Youth ARC","Group Call","None"
"807","31672","PI-Star Chat","Group Call","None"
"808","31674","Maritime Radio-1","Group Call","None"
"809","31694","Maritime Radio-2","Group Call","None"
"810","31675","REF020A Bridge","Group Call","None"
"811","31679","The Geek Group","Group Call","None"
"812","31688","NE HUB","Group Call","None"
"813","31697","Russian American","Group Call","None"
"814","31699","Greek Americans","Group Call","None"
"815","31770","RFinder Users Gr","Group Call","None"
"816","31773","Geeks in Jeeps","Group Call","None"
"817","31774","Weather Watching","Group Call","None"
"818","31776","Liberty Talk Grp","Group Call","None"
"819","31801","Gathering Spot","Group Call","None"
"820","31802","The Chat Lounge","Group Call","None"
"821","31803","Secret TalkGroup","Group Call","None"
"822","31888","Coffee DMR","Group Call","None"
"823","31900","900 Mhz Rptrs","Group Call","None"
"824","31933","Rizal Latitude","Group Call","None"
"825","31990","Handi-Hams","Group Call","None"
"826","3177826","Ham Radio Vilage","Group Call","None"
"827","9480","ICQ Podcast","Group Call","None"
"828","9101","WW Maritime","Group Call","None"
"829","9102","WW Aviation","Group Call","None"
"830","9107","XRF007 B","Group Call","None"
"831","9112","EmCom EU","Group Call","None"
"832","9201","EURAO","Group Call","None"
"833","9410","ATV Talk","Group Call","None"
"834","98977","OpenGD77","Group Call","None"
"835","98006","AMSAT","Group Call","None"
"836","98003","Reddit","Group Call","None"
"837","98008","Military Vets","Group Call","None"
"838","98638","Wireless Village","Group Call","None"
"839","91","World-wide","Group Call","None"
"840","92","Europe","Group Call","None"
"841","93","North America","Group Call","None"
"842","94","Asia, MiddleEast","Group Call","None"
"843","95","Australia, NZ","Group Call","None"
"844","98","Radio Test","Group Call","None"
"845","901","WW Tac-1","Group Call","None"
"846","902","WW Tac-2","Group Call","None"
"847","903","WW Tac-3","Group Call","None"
"848","973","SOTA","Group Call","None"
"849","907","JOTA","Group Call","None"
"850","913","English","Group Call","None"
"851","923","European English","Group Call","None"
"852","505","Australia-505","Group Call","None"
"853","5050","AU-XLX500 G","Group Call","None"
"854","5051","AU-Cap Territory","Group Call","None"
"855","5052","AU-New So.Wales","Group Call","None"
"856","5053","AU-Victoria","Group Call","None"
"857","5054","AU-Queensland","Group Call","None"
"858","5055","South Australia","Group Call","None"
"859","5056","West Australia","Group Call","None"
"860","5057","AU-Tasmania","Group Call","None"
"861","5058","AU-No.Territory","Group Call","None"
"862","50501","AU-XLX389A","Group Call","None"
"863","50503","AU-XLX389C","Group Call","None"
"864","50510","AU-XLX510 D","Group Call","None"
"865","50521","AU-IARS Chat","Group Call","None"
"866","50525","AU-P25 Bridge","Group Call","None"
"867","50526","AU-CCARC","Group Call","None"
"868","50531","AU-VK3 Chat-1","Group Call","None"
"869","50533","AU-S.P.A.R.C","Group Call","None"
"870","50539","AU-NEX-GEN","Group Call","None"
"871","50566","AU-WICEN","Group Call","None"
"872","50590","AU-VK2HK-YSF-X","Group Call","None"
"873","50591","AU-VK2GP-YSF-X","Group Call","None"
"874","50592","AU-VK3KAY-YSF-X","Group Call","None"
"875","50593","AU-XRF-740C","Group Call","None"
"876","50594","AU-VK2RFG","Group Call","None"
"877","5059742","AU-XRF-740C","Group Call","None"
"878","2440","AU-AX OH0","Group Call","None"
"879","24400","AU-AX OH0 QSY","Group Call","None"
"880","24409","AU-AX OH0 SAR","Group Call","None"
"881","302","Canada Wide-302","Group Call","None"
"882","3020","BC-Newfoundland","Group Call","None"
"883","3021","BC-Nova Scotia","Group Call","None"
"884","3022","BC-Quebec","Group Call","None"
"885","3023","BC-Ontario","Group Call","None"
"886","3024","BC-Manitoba","Group Call","None"
"887","3025","BC-Saskatchewan","Group Call","None"
"888","3026","BC-Alberta","Group Call","None"
"889","3027","British Columbia","Group Call","None"
"890","3028","BC-Nunavut,Yukon","Group Call","None"
"891","3029","BC-New Brunswick","Group Call","None"
"892","30234","BC-FlexRadio SIG","Group Call","None"
"893","30235","BC-SWARC","Group Call","None"
"894","30271","Canada BC-1","Group Call","None"
"895","30272","Canada BC-2","Group Call","None"
"896","30273","BC Vancouver Is","Group Call","None"
"897","235","UK-Call-235","Group Call","None"
"898","2350","UK-Calling","Group Call","None"
"899","2351","UK-Chat-1","Group Call","None"
"900","2352","UK-Chat-2","Group Call","None"
"901","2353","UK-Chat-3","Group Call","None"
"902","2354","UK-Ireland","Group Call","None"
"903","2355","UK-Scotland","Group Call","None"
"904","2356","UK-Wales","Group Call","None"
"905","2357","UK-Isle of Man","Group Call","None"
"906","2358","UK-London","Group Call","None"
"907","2359","UK-Kernow","Group Call","None"
"908","23490","UK-East Anglia","Group Call","None"
"909","23500","UK-S.West","Group Call","None"
"910","23510","UK-S.East","Group Call","None"
"911","23515","UK-Guernsey","Group Call","None"
"912","23516","UK-Jersey","Group Call","None"
"913","23520","UK-N.West","Group Call","None"
"914","23526","UK-Hubnet UK","Group Call","None"
"915","23530","UK-Yorkshire","Group Call","None"
"916","23531","UK-RAYNET UK","Group Call","None"
"917","23540","UK-Ireland Chat","Group Call","None"
"918","23550","UK-Scotland Chat","Group Call","None"
"919","23557","UK-Scotland East","Group Call","None"
"920","23558","UK-Highland & Is","Group Call","None"
"921","23559","UK-Scotland West","Group Call","None"
"922","23560","UK-North East","Group Call","None"
"923","23562","UK-M62 Corridor","Group Call","None"
"924","23570","UK-Wales Chat","Group Call","None"
"925","23575","UK-SALOP Cluster","Group Call","None"
"926","23580","UK-West Midland","Group Call","None"
"927","23590","UK-East Midlands","Group Call","None"
"928","235907","UK-JOTA UK","Group Call","None"
"929","272","Ireland-272","Group Call","None"
"930","2722","IE-Calling","Group Call","None"
"931","2723","IE-Chat","Group Call","None"
"932","2724","IE-Bridge to YSF","Group Call","None"
"933","2729","IE-AREN Log-1","Group Call","None"
"934","27230","IE-AREN log-2","Group Call","None"
"935","27240","IE-SIRN Gateway","Group Call","None"
"936","27247","IE-XLX 925 D","Group Call","None"
"937","27248","IE-XLX 925 C","Group Call","None"
"938","27250","IE-Connacht","Group Call","None"
"939","27251","IE-Leinster","Group Call","None"
"940","27252","IE-Munster","Group Call","None"
"941","27253","IE-Ulster","Group Call","None"
"942","27254","IE-So.Ireland","Group Call","None"
"943","27255","IE-Galway Dig","Group Call","None"
"944","27273","IE-EMF Camp HUB","Group Call","None"
"945","27291","IE-AREN TAC-1","Group Call","None"
"946","272907","IE-JOTA IRL","Group Call","None"
"947","530","ZL-National-530","Group Call","None"
"948","5301","ZL1-Regional","Group Call","None"
"949","5302","ZL2-Regional","Group Call","None"
"950","5303","ZL3-Regional","Group Call","None"
"951","5304","ZL4-Regional","Group Call","None"
"952","53020","ZL-XLX 626A","Group Call","None"
"953","53021","ZL-IFROAR","Group Call","None"
"954","53029","ZL-XLX 299X","Group Call","None"
"955","53050","ZL-XLX 751","Group Call","None"
"956","53060","ZL-Taupo NZART","Group Call","None"
"957","53099","ZL-XLX750","Group Call","None"
"958","655","ZA-South Africa","Group Call","None"
"959","6558","ZA-SARL Hamnet","Group Call","None"
"960","9990","BM Parrot-1","Private Call","None"
"961","9998","GC Parrot","Private Call","None"
"962","310991","BM Parrot-2","Private Call","None"
"963","310997","BM Parrot-3","Private Call","None"
"964","4000","BM Disconnect","Group Call","None"
"965","5006282","TGIF TalkBox","Group Call","None"
"966","5006222","TGIF N0LSB","Group Call","None"
"967","5031665","TGIF Main","Group Call","None"
"968","5031183","TGIF America","Group Call","None"
"969","5031360","TGIF NY.NJ.PA","Group Call","None"
"970","5000101","TGIF Tac-101","Group Call","None"
"971","5000102","TGIF Tac-102","Group Call","None"
"972","5000103","TGIF Tac 103","Group Call","None"
"973","5000104","TGIF Tac-104","Group Call","None"
"974","5000105","TGIF Tac-105","Group Call","None"
"975","5000106","TGIF Tac-106","Group Call","None"
"976","5000107","TGIF Tac-107","Group Call","None"
"977","5000108","TGIF Tac-108","Group Call","None"
"978","5000109","TGIF Tac-109","Group Call","None"
"979","5000110","TGIF No. America","Group Call","None"
"980","5000111","TGIF Europe","Group Call","None"
"981","5000112","TGIF AsiaPacific","Group Call","None"
"982","5000113","TGIF WW English","Group Call","None"
"983","5000114","TGIF World Wide","Group Call","None"
"984","5000116","TGIF UK","Group Call","None"
"985","5000224","TGIF Amateur TV","Group Call","None"
"986","5000290","TGIF YSF AmeraLi","Group Call","None"
"987","5000305","TGIF Ham & IT","Group Call","None"
"988","5001222","TGIF W Alabama","Group Call","None"
"989","5001337","TGIF 1337 sp34k","Group Call","None"
"990","5004647","TGIF Hams OverIP","Group Call","None"
"991","5031010","TGIF Alabama Lin","Group Call","None"
"992","5031014","TGIF N Alabama","Group Call","None"
"993","5031129","TGIF ORL Hamcati","Group Call","None"
"994","5031285","TGIF NE Mississi","Group Call","None"
"995","5031286","TGIF SC Mississi","Group Call","None"
"996","5031287","TGIF S Mississip","Group Call","None"
"997","5031288","TGIF NW Mississi","Group Call","None"
"998","5040251","TGIF Jeep Nation","Group Call","None"
"999","5043389","TGIF SE Link","Group Call","None"
"1000","5004000","TGIF Exit","Group Call","None"
"1001","5049562","TGIF Boredom","Group Call","None"
"1002","5009990","TGIF Parrot","Group Call","None"
"1003","5004000","TGIF Exit","Group Call","None"
"1004","6","XLX REF Talk","Group Call","None"
"1005","65000","XLX Status","Private Call","None"
"1006","64000","XLX Disonnect","Private Call","None"
"1007","68000","Connect to 000","Private Call","None"
"1008","68002","Connect to 002","Private Call","None"
"1009","68004","Connect to 004","Private Call","None"
"1010","68013","Connect to 013","Private Call","None"
"1011","68028","Connect to 028","Private Call","None"
"1012","68037","Connect to 037","Private Call","None"
"1013","68050","Connect to 050","Private Call","None"
"1014","64001","Move to Moduel-A","Private Call","None"
"1015","64002","Move to Moduel-B","Private Call","None"
"1016","64003","Move to Moduel-C","Private Call","None"
"1017","64004","Move to Moduel-D","Private Call","None"
"1018","64005","Move to Moduel-E","Private Call","None"
"1019","64006","Move to Moduel-F","Private Call","None"
"1020","64007","Move to Moduel-G","Private Call","None"
"1021","64008","Move to Moduel-H","Private Call","None"
"1022","8000009","FDMR Dial-9","Group Call","None"
"1023","8000091","FDMR Worldwide","Group Call","None"
"1024","8000970","FDMR POTA","Group Call","None"
"1025","8003100","FDMR Nationwide","Group Call","None"
"1026","8031001","FDMR NA TAC 1","Group Call","None"
"1027","8031002","FDMR NA TAC 2","Group Call","None"
"1028","8031003","FDMR NA TAC 3","Group Call","None"
"1029","8003101","FDMR Alabama","Group Call","None"
"1030","8003102","FDMR Alaska","Group Call","None"
"1031","8003104","FDMR Arizona","Group Call","None"
"1032","8003105","FDMR Arkansas","Group Call","None"
"1033","8003106","FDMR California","Group Call","None"
"1034","8031060","FDMR CA Link","Group Call","None"
"1035","8031061","FDMR CA TAC","Group Call","None"
"1036","8031068","FDMR NorCal","Group Call","None"
"1037","8003108","FDMR Colorado","Group Call","None"
"1038","8003109","FDMR Connecticut","Group Call","None"
"1039","8003110","FDMR Delaware","Group Call","None"
"1040","8003111","FDMR D.C.","Group Call","None"
"1041","8003112","FDMR Florida","Group Call","None"
"1042","8003113","FDMR Georgia","Group Call","None"
"1043","8003115","FDMR Hawai","Group Call","None"
"1044","8003116","FDMR Idaho","Group Call","None"
"1045","8003117","FDMR Illinois","Group Call","None"
"1046","8003118","FDMR Indiana","Group Call","None"
"1047","8003119","FDMR Iowa","Group Call","None"
"1048","8003120","FDMR Kansas","Group Call","None"
"1049","8003121","FDMR Kentucky","Group Call","None"
"1050","8003122","FDMR Louisiana","Group Call","None"
"1051","8003123","FDMR Maine","Group Call","None"
"1052","8003124","FDMR Maryland","Group Call","None"
"1053","8003125","FDMR Massachuset","Group Call","None"
"1054","8003126","FDMR Michigan","Group Call","None"
"1055","8003127","FDMR Minnesota","Group Call","None"
"1056","8003128","FDMR Mississippi","Group Call","None"
"1057","8003129","FDMR Missouri","Group Call","None"
"1058","8003130","FDMR Montana","Group Call","None"
"1059","8003131","FDMR Nebraska","Group Call","None"
"1060","8003132","FDMR Nevada","Group Call","None"
"1061","8003133","FDMR NH","Group Call","None"
"1062","8003134","FDMR New Jersey","Group Call","None"
"1063","8003135","FDMR New Mexico","Group Call","None"
"1064","8003136","FDMR New York","Group Call","None"
"1065","8003137","FDMR NC TAC","Group Call","None"
"1066","8031373","FDMR East NC","Group Call","None"
"1067","8031377","FDMR OBX","Group Call","None"
"1068","8031379","FDMR NC TAC","Group Call","None"
"1069","8003138","FDMR ND","Group Call","None"
"1070","8003139","FDMR Ohio","Group Call","None"
"1071","8003140","FDMR Oklahoma","Group Call","None"
"1072","8003141","FDMR Oregon","Group Call","None"
"1073","8003142","FDMR PA","Group Call","None"
"1074","8003143","FDMR Puerto Rico","Group Call","None"
"1075","8003144","FDMR Rhode Is","Group Call","None"
"1076","8003145","FDMR SC","Group Call","None"
"1077","8003146","FDMR SD","Group Call","None"
"1078","8003147","FDMR Tennessee","Group Call","None"
"1079","8003148","FDMR Texas","Group Call","None"
"1080","8003149","FDMR Utah","Group Call","None"
"1081","8003150","FDMR Vermont","Group Call","None"
"1082","8003151","FDMR Virginia","Group Call","None"
"1083","8003152","FDMR Virgin Is","Group Call","None"
"1084","8003153","FDMR Washington","Group Call","None"
"1085","8003154","FDMR WV","Group Call","None"
"1086","8003155","FDMR Wisconsin","Group Call","None"
"1087","8003156","FDMR Wyoming","Group Call","None"
"1088","8003160","FDMR X-Roads REF","Group Call","None"
"1089","8003165","FDMR Southeast","Group Call","None"
"1090","8316501","FDMR WW Net","Group Call","None"
"1091","8003166","FDMR DVSwitch","Group Call","None"
"1092","8316601","FDMR WA-PNW","Group Call","None"
"1093","8310001","FDMR ECHO EAST","Group Call","None"
"1094","8031120","FDMR FloridaKeys","Group Call","None"
"1095","8031378","FDMR Piedmont Tr","Group Call","None"
"1096","8310441","FDMR WNY-DIGITAL","Group Call","None"
"1097","8031360","FDMR NY-NJ-PA","Group Call","None"
"1098","8031361","FDMR Upstate-NY","Group Call","None"
"1099","8031362","FDMR NY-Metro","Group Call","None"
"1100","8031376","FDMR So.Tier NY","Group Call","None"
"1101","8031369","FDMR MonroeCo,NY","Group Call","None"
"1102","8031341","FDMR So. Jersey","Group Call","None"
"1103","8031342","FDMR No. Jersey","Group Call","None"
"1104","8310014","FDMR San Diego","Group Call","None"
"1105","8031177","FDMR Western Dig","Group Call","None"
"1106","8031069","FDMR BayArea Dig","Group Call","None"
"1107","8031138","FDMR Georgia Dig","Group Call","None"
"1108","8031050","FDMR ArkansasTAC","Group Call","None"
"1109","8031058","FDMR NW Arkansas","Group Call","None"
"1110","8031479","FDMR FAY AR","Group Call","None"
"1111","8031501","FDMR LittleRock","Group Call","None"
"1112","8031656","FDMR AmericaLink","Group Call","None"
"1113","8031555","FDMR Wisconsin","Group Call","None"
"1114","8031010","FDMR AlabamaLink","Group Call","None"
"1115","8031261","FDMR YARC-WX","Group Call","None"
"1116","8031059","FDMR AR YSF REF","Group Call","None"
"1117","8031290","FDMR NA Talk Box","Group Call","None"
"1118","8031299","FDMR KS CityWide","Group Call","None"
"1119","8031665","FDMR TGIF-Main","Group Call","None"
"1120","8000310","FDMR USA-310","Group Call","None"
"1121","8004000","FDMR Disc","Group Call","None"
"1122","8000320","DMR+ QN Main","Group Call","None"
"1123","8000321","DMR+ QN Tech","Group Call","None"
"1124","8009990","DMR+ Echo","Group Call","None"
"1125","8000400","DMR+ TG Disc","Group Call","None"
"1126","8000001","DMR+ World Wide","Group Call","None"
"1127","8000002","DMR+ Europe","Group Call","None"
"1128","8000003","DMR+ No Amer","Group Call","None"
"1129","8000004","DMR+ Asia","Group Call","None"
"1130","8000005","DMR+ Oceania","Group Call","None"
"1131","8000013","DMR+ WW English","Group Call","None"
"1132","8000113","DMR+ TAC-113","Group Call","None"
"1133","8000123","DMR+ TAC-123","Group Call","None"
"1134","8000133","DMR+ TAC-133","Group Call","None"
"1135","8000235","DMR+ UK","Group Call","None"
"1136","8000302","DMR+ Canada","Group Call","None"
"1137","8000323","DMR+ So.East Lk","Group Call","None"
"1138","8000326","DMR+ Do Drop In","Group Call","None"
"1139","8000369","DMR+ Fusion-Net","Group Call","None"
"1140","8000505","DMR+ Australia","Group Call","None"
"1141","8000530","DMR+ New Zealand","Group Call","None"
"1142","8009112","DMR+ EMCOM","Group Call","None"
"1143","8","REF Talk","Group Call","None"
"1144","8005000","REF Status","Group Call","None"
"1145","8004000","REF Disconnect","Group Call","None"
"1146","8004638","REF TAC 310","Group Call","None"
"1147","8004639","REF Nationwide","Group Call","None"
"1148","8004640","REF Midwest","Group Call","None"
"1149","8004641","REF New England","Group Call","None"
"1150","8004642","REF Northeast","Group Call","None"
"1151","8004643","REF MidAtlantic","Group Call","None"
"1152","8004644","REF Southeast","Group Call","None"
"1153","8004645","REF So Plains","Group Call","None"
"1154","8004646","REF Southwest","Group Call","None"
"1155","8004647","REF Mountain","Group Call","None"
"1156","8004648","REF Great Lakes","Group Call","None"
"1157","8004649","REF Tri IL.IN.WI","Group Call","None"
"1158","8004611","REF Washington","Group Call","None"
"1159","8004605","REF Minnesota","Group Call","None"
"1160","8004853","REF KiwiDMR","Group Call","None"
"1161","8004851","REF So. Pacific","Group Call","None"
"1162","8004850","REF New Zealand","Group Call","None"
"1163","8004580","REF Canada","Group Call","None"
"1164","8004800","REF Australia","Group Call","None"
"1165","8004635","REF DMR-Allstar","Group Call","None"
"1166","8004618","REF Michigan UP","Group Call","None"
"1167","8004911","REF ARES","Group Call","None"
